{"Keys":["com.unity.services.core.cloud-environment","com.unity.services.core.version","com.unity.services.core.initializer-assembly-qualified-names","com.unity.services.authentication.version","com.unity.services.authentication.initializer-assembly-qualified-names","com.unity.services.friends.version","com.unity.services.friends.initializer-assembly-qualified-names","com.unity.services.wire.version","com.unity.services.wire.initializer-assembly-qualified-names","com.unity.purchasing.version","com.unity.purchasing.initializer-assembly-qualified-names","com.unity.services.core.all-package-names","com.unity.services.core.environment-name"],"Values":[{"m_Value":"production","m_IsReadOnly":false},{"m_Value":"1.12.5","m_IsReadOnly":true},{"m_Value":"Unity.Services.Core.Registration.CorePackageInitializer, Unity.Services.Core.Registration, Version=0.0.0.0, Culture=neutral, PublicKeyToken=null;Unity.Services.Core.Internal.IInitializablePackageV2, Unity.Services.Core.Internal, Version=0.0.0.0, Culture=neutral, PublicKeyToken=null","m_IsReadOnly":true},{"m_Value":"2.7.4","m_IsReadOnly":true},{"m_Value":"Unity.Services.Authentication.AuthenticationPackageInitializer, Unity.Services.Authentication, Version=0.0.0.0, Culture=neutral, PublicKeyToken=null","m_IsReadOnly":true},{"m_Value":"1.1.0","m_IsReadOnly":true},{"m_Value":"Unity.Services.Friends.FriendsPackageInitializer, Unity.Services.Friends, Version=0.0.0.0, Culture=neutral, PublicKeyToken=null;Unity.Services.Friends.Internal.Generated.FriendsServiceProvider, Unity.Services.Friends.Internal.Generated, Version=0.0.0.0, Culture=neutral, PublicKeyToken=null","m_IsReadOnly":true},{"m_Value":"1.2.6","m_IsReadOnly":true},{"m_Value":"Unity.Services.Wire.Internal.WireServiceProvider, Unity.Services.Wire.Internal, Version=0.0.0.0, Culture=neutral, PublicKeyToken=null","m_IsReadOnly":true},{"m_Value":"4.12.2","m_IsReadOnly":true},{"m_Value":"UnityEngine.Purchasing.Registration.IapCoreInitializeCallback, UnityEngine.Purchasing.Stores, Version=0.0.0.0, Culture=neutral, PublicKeyToken=null","m_IsReadOnly":true},{"m_Value":"com.unity.services.core;com.unity.services.authentication;com.unity.services.friends;com.unity.services.wire;com.unity.purchasing","m_IsReadOnly":false},{"m_Value":"production","m_IsReadOnly":false}]}